RELATIVE_PATH,FILE_URL,FILE_OBJECT,CONTENT
data/unstructured/finance/Expense_Policy_2025.pdf,https://raw.githubusercontent.com/evolvconsulting/snowflake-ai-demo/refs/heads/main/data/unstructured/finance/Expense_Policy_2025.pdf,"{
  ""CONTENT_TYPE"": ""application/pdf"",
  ""ETAG"": ""62d941d37966ccf99591c37c606e815d"",
  ""LAST_MODIFIED"": ""Fri, 21 Nov 2025 04:26:39 GMT"",
  ""RELATIVE_PATH"": ""data/unstructured/finance/Expense_Policy_2025.pdf"",
  ""SIZE"": 134389,
  ""STAGE"": ""@EVOLV_E2E_SNOWFLAKE_AI_HOL.EDW.INTERNAL_DATA_STAGE""
}","# Expense Policy 2025 

## Corporate Expense Policy 2025

Document Version: 3.2
Effective Date: January 1, 2025
Review Date: December 31, 2025

## Purpose and Scope

This expense policy establishes guidelines for business-related expenditures to ensure appropriate use of company funds while enabling employees to perform their duties effectively. This policy applies to all employees, contractors, and authorized representatives of the company.

## General Principles

## 1. Business Purpose Requirement

All expenses must have a legitimate business purpose and be necessary for conducting company business. Personal expenses are strictly prohibited.

## 2. Reasonableness Standard

Expenses must be reasonable in amount and appropriate given the circumstances. When multiple options exist, choose the most cost-effective alternative that meets business needs.

## 3. Proper Authorization

All expenses must be pre-approved according to established authorization limits and submitted with proper documentation.

## Authorization Limits

By Employee Level

- **Individual Contributors**: Up to $\$ 500$ per expense
- **Team Leads/Supervisors**: Up to \$2,000 per expense
- **Managers**: Up to \$5,000 per expense
- **Directors**: Up to \$15,000 per expense
- **VPs**: Up to \$50,000 per expense
- **C-Level**: Up to \$100,000 per expense


## Special Categories

- **Emergency Expenses**: Up to \$1,000 (with post-approval required within 48 hours)
- **Technology Purchases**: Requires IT approval for amounts over \$1,000
- **Software Licenses**: Requires Security and Legal approval for new vendors


# Travel and Entertainment 

## Air Travel

- **Domestic Flights (under 4 hours)**: Economy class required
- **International Flights (over 6 hours)**: Business class permitted
- **First Class**: Requires CEO approval
- **Advance Booking**: Minimum 14 days recommended for best rates


## Accommodation

- **Daily Limits by City Tier**: $\square$
- Tier 1 Cities (NYC, SF, London): \$350/night
- Tier 2 Cities (Chicago, Boston, Seattle): \$250/night
- Tier 3 Cities (Other major cities): \$180/night
- Tier 4 Cities (Smaller cities): \$120/night


## Ground Transportation

- **Airport/Hotel Transfers**: Reasonable taxi, rideshare, or shuttle service
- **Local Transportation**: Public transport preferred; rideshare acceptable
- **Rental Cars**: Required for multi-location visits or where public transport inadequate
- **Personal Vehicle**: \$0.58/mile (IRS rate) plus parking


## Meals and Entertainment

- **Daily Meal Allowances**: $\square$
- Breakfast: \$25
- Lunch: \$35
- Dinner: \$65
- **Total Daily Maximum**: \$125
- **Client Entertainment**: $\square$
- **Per Person Limit**: \$150 for dinner, \$75 for lunch
- **Alcohol**: Permitted in moderation with clients
- **Group Events**: Requires prior approval for amounts over \$500


## Office Supplies and Equipment

## Standard Office Supplies

- **Monthly Budget per Employee**: \$75
- **Approved Vendors**: Use corporate contracts when available
- **Bulk Orders**: Coordinate with Office Manager for quantities over \$200


## Technology Equipment

- **Laptops**: Standard models from approved list
- **Monitors**: Up to dual 27"" monitors per employee
- **Peripherals**: Mouse, keyboard, headset as needed
- **Mobile Devices**: Company-provided phones for eligible roles


# Software and Subscriptions 

- **Individual Licenses**: Manager approval required
- **Team Licenses**: Director approval required
- **Enterprise Licenses**: IT and Finance approval required
- **SaaS Security Review**: Required for all new software vendors


## Professional Development

## Training and Conferences

- **Annual Budget per Employee**: \$2,500
- **Conference Attendance**: Limited to 2 major conferences per year
- **Certification Programs**: Reimbursed upon successful completion
- **Online Training**: Preferred when available and meets objectives


## Professional Memberships

- **Industry Associations**: Up to \$500/year per employee
- **Certification Bodies**: Covered for job-related certifications
- **Publication Subscriptions**: Up to \$200/year per employee


## Procurement Guidelines

## Vendor Selection

- **Amounts Under \$5,000**: Department discretion with 3 quotes recommended
- **Amounts \$5,000-\$25,000**: Minimum 3 written quotes required
- **Amounts Over \$25,000**: Formal RFP process through Procurement


## Contract Requirements

- **All Vendors**: Must complete vendor onboarding process
- **Data Processing**: Requires DPA (Data Processing Agreement)
- **Critical Services**: Business continuity assessment required


## Expense Categories and Guidelines

## Marketing and Advertising

- **Digital Advertising**: Performance tracking required
- **Trade Shows**: ROI analysis required for events over \$10,000
- **Promotional Items**: Unit cost should not exceed \$25
- **Brand Compliance**: All materials must follow brand guidelines
# Research and Development 

- **Equipment**: Depreciation schedule required for items over \$5,000
- **Prototyping**: Material costs tracked separately
- **Testing Services**: Competitive quotes for amounts over \$2,000
- **Patent Filing**: Legal review required


## Facilities and Operations

- **Office Rent**: Market rate analysis required
- **Utilities**: Energy efficiency considerations mandatory
- **Maintenance**: Preventive maintenance preferred
- **Security**: Risk assessment required for all locations


## Documentation Requirements

## Required Documentation

- **Original Receipts**: Required for all expenses over \$25
- **Business Purpose**: Clear description required for all expenses
- **Attendees**: List required for all meal and entertainment expenses
- **Mileage Logs**: Required for personal vehicle reimbursement


## Digital Submission

- **Expense System**: All submissions through corporate platform
- **Receipt Quality**: Clear, readable digital images required
- **Submission Deadline**: Within 30 days of expense incurrence
- **Monthly Reporting**: Department summaries due by 5th of following month


## Prohibited Expenses

## Strictly Prohibited

- Personal entertainment (movies, concerts, sporting events)
- Alcoholic beverages (except client entertainment)
- Luxury services (spa, premium car washes, etc.)
- Personal travel or vacation expenses
- Political contributions or lobbying expenses
- Gifts to clients exceeding $\$ 100$ value


## Requires Special Approval

- Legal services (requires General Counsel approval)
- Consulting services (requires department VP approval)
- Real estate transactions (requires CEO approval)
- Charitable donations (requires HR approval)
# Compliance and Monitoring 

## Expense Auditing

- **Random Audits**: 10\% of expenses reviewed monthly
- **Pattern Analysis**: Automated flagging of unusual patterns
- **Compliance Scores**: Department-level tracking and reporting
- **Training Requirements**: Annual expense policy training mandatory


## Violation Consequences

- **First Violation**: Coaching and retraining
- **Second Violation**: Written warning and manager review
- **Third Violation**: Performance improvement plan
- **Serious Violations**: May result in termination


## Reimbursement Process

## Standard Timeline

- **Submission Review**: 3-5 business days
- **Approval Process**: 2-3 business days
- **Payment Processing**: 5-7 business days
- **Total Timeline**: 10-15 business days from submission


## Expedited Processing

- **Emergency Expenses**: 24-48 hour processing
- **Hardship Cases**: CFO discretionary approval
- **Travel Advances**: Available for international travel


## Tax Implications

## Taxable Benefits

- **Personal Use**: Any personal benefit is taxable income
- **Gift Cards**: Taxable to recipient
- **Non-business Meals**: Taxable if included in reimbursement
- **Spousal Travel**: Taxable unless business purpose documented


## Record Keeping

- **Retention Period**: 7 years for all expense records
- **IRS Compliance**: Documentation must meet IRS requirements
- **International**: Additional requirements for cross-border expenses


## Technology and Systems

## Expense Management Platform

- **Primary System**: Concur Expense
- **Mobile App**: Available for iOS and Android
- **Integration**: Real-time sync with financial systems
- **Reporting**: Dashboards available for managers and finance


# Approval Workflow 

- **Automatic Routing**: Based on amount and expense type
- **Delegation**: Temporary approval delegation during absences
- **Escalation**: Automatic escalation for overdue approvals
- **Notifications**: Email and mobile alerts for all stakeholders


## Frequently Asked Questions

Q: Can I use my personal credit card for business expenses?
A: Yes, but reimbursement follows standard approval and documentation requirements.
Q: What if I lose a receipt?
A: Submit an affidavit explaining the circumstances. Expenses over $\$ 75$ without receipts may be denied.

Q: Can I tip service providers?
A: Yes, reasonable tips (15-20\%) are allowed for business meals and travel services.
Q: Are home office expenses reimbursable?
A: Only for designated remote workers and only for approved equipment and services.
Policy Owner: Chief Financial Officer
Review Committee: Finance, HR, Legal
Next Review: December 2025
Questions: Contact finance-policy@company.com
Document Classification: Internal Use
Version History: Available in corporate policy management system"
data/unstructured/finance/Q4_2024_Financial_Report.pdf,https://raw.githubusercontent.com/evolvconsulting/snowflake-ai-demo/refs/heads/main/data/unstructured/finance/Q4_2024_Financial_Report.pdf,"{
  ""CONTENT_TYPE"": ""application/pdf"",
  ""ETAG"": ""2847e4018ec2e7ac8765e8f668d41653"",
  ""LAST_MODIFIED"": ""Fri, 21 Nov 2025 04:26:39 GMT"",
  ""RELATIVE_PATH"": ""data/unstructured/finance/Q4_2024_Financial_Report.pdf"",
  ""SIZE"": 113108,
  ""STAGE"": ""@EVOLV_E2E_SNOWFLAKE_AI_HOL.EDW.INTERNAL_DATA_STAGE""
}","# Q4 2024 Financial Report 

## Q4 2024 Financial Report

## Confidential - Internal Use Only

## Executive Summary

The fourth quarter of 2024 showed strong financial performance across all business units, with total revenue reaching $\$ 12.8 \mathrm{M}$, representing a $15 \%$ increase over Q4 2023. Our strategic initiatives in cost optimization and revenue diversification have yielded significant results.

## Key Financial Highlights

- **Total Revenue**: \$12,847,320 (115\% YoY)
- **Operating Income**: \$3,156,890 (122\% YoY)
- **Net Profit Margin**: 18.5\% (12.1\% YoY)
- **EBITDA**: \$4,234,560 (119\% YoY)
- **Cash Flow from Operations**: \$3,890,120


## Revenue Analysis

By Business Unit

- **Sales Division**: \$7,243,890 (56.4\% of total revenue)
- **Marketing Services**: \$2,156,430 (16.8\% of total revenue)
- **Consulting Services**: \$2,023,180 (15.8\% of total revenue)
- **Digital Solutions**: \$1,423,820 (11.1\% of total revenue)


## Geographic Distribution

- **North America**: 68\% (\$8,736,178)
- **Europe**: 22\% (\$2,826,410)
- **Asia-Pacific**: 10\% (\$1,284,732)


## Expense Analysis

## Operating Expenses by Department

- **Sales \& Marketing**: \$4,235,680 (33\% of revenue)
- **R\&D**: \$2,567,890 (20\% of revenue)
- **General \& Administrative**: \$1,923,450 (15\% of revenue)
- **Operations**: \$1,563,410 (12\% of revenue)


## Cost Optimization Initiatives

Our Q4 cost reduction program achieved $\$ 890,230$ in savings through:
- Process automation in Finance and Accounting: \$345,120
- Vendor contract renegotiation: $\$ 298,560$
- Energy efficiency improvements: $\$ 156,780$
- Software license optimization: $\$ 89,770$


# Vendor Analysis 

Top 5 Vendors by Spend

1. **TechCorp Solutions**: \$456,780 (IT Infrastructure)
2. **Global Logistics Partners**: \$334,920 (Supply Chain)
3. Marketing Dynamics Inc: \$287,640 (Advertising Services)
4. Professional Services LLC: \$243,560 (Consulting)
5. Office Solutions Pro: \$198,430 (Office Supplies \& Equipment)

Vendor Risk Assessment

- 12 vendors represent $65 \%$ of total spend
- Implemented dual-sourcing for critical suppliers
- Enhanced vendor performance monitoring system


## Budget vs. Actual Performance

Revenue Performance

- **Budget**: \$12,200,000
- **Actual**: \$12,847,320
- **Variance**: $+\$ 647,320(+5.3 \%)$


## Expense Performance

- **Budget**: \$9,850,000
- **Actual**: \$9,690,430
- **Variance**: - $\$ 159,570(-1.6 \%)$


## Product Line Analysis

Revenue by Product Category

- **Enterprise Software**: \$4,567,890 (35.5\%)
- **Professional Services**: \$3,234,560 (25.2\%)
- **Hardware Solutions**: \$2,678,910 (20.8\%)
- **Support \& Maintenance**: \$2,365,960 (18.4\%)

Profitability Analysis

- **Highest Margin**: Professional Services (42\% gross margin)
- **Volume Leader**: Enterprise Software (2,340 units sold)
- **Growth Leader**: Hardware Solutions (+28% YoY)

Financial Ratios & KPIs

Profitability Ratios
- **Gross Profit Margin**: 64.2%
- **Operating Profit Margin**: 24.6%
- **Net Profit Margin**: 18.5%
- **Return on Assets**: 12.8%
- **Return on Equity**: 22.4%

Liquidity Ratios
- **Current Ratio**: 2.34
- **Quick Ratio**: 1.89
- **Cash Ratio**: 0.67

Efficiency Ratios
- **Asset Turnover**: 1.45
- **Inventory Turnover**: 8.2
- **Receivables Turnover**: 12.6

Accounts Receivable Analysis

Aging Report
- **0-30 days**: $1,234,560 (67%)
- **31-60 days**: $456,780 (25%)
- **61-90 days**: $123,450 (7%)
- **90+ days**: $23,890 (1%)

Collection Performance
- **Average Days Sales Outstanding**: 28 days
- **Collection Rate**: 98.7%
- **Bad Debt as % of Sales**: 0.3%

Capital Expenditures

Q4 2024 Investments
- **Technology Infrastructure**: $567,890
- **Equipment & Machinery**: $345,670
- **Facility Improvements**: $234,560
- **Research & Development**: $123,450

ROI Analysis
- **Expected 3-year ROI**: 185%
- **Payback Period**: 2.1 years
- **NPV**: \$2,345,670


# Risk Management \& Compliance 

## Financial Risks Identified

3. **Currency Exchange Risk**: \$1.2M exposure (EUR/USD)
4. **Credit Risk**: 3 customers represent $23 \%$ of revenue
5. Interest Rate Risk: $\$ 5 \mathrm{M}$ variable rate debt exposure
6. Commodity Price Risk: Raw materials cost volatility

Mitigation Strategies

- Implemented currency hedging for $70 \%$ of FX exposure
- Enhanced customer credit monitoring
- Negotiated interest rate caps on variable debt
- Secured fixed-price contracts for key materials


## Audit \& Compliance

## External Audit Results

- **Clean Opinion** from independent auditors
- **Zero Material Weaknesses** identified
- **Controls Testing**: 100\% pass rate
- **Compliance Score**: 98.5\%

Regulatory Compliance

- SOX 404 compliance maintained
- Tax obligations current in all jurisdictions
- Environmental compliance at $100 \%$
- Data privacy regulations (GDPR, CCPA) compliant


## Forecasting \& Projections

Q1 2025 Outlook

- **Revenue Projection**: \$13.2M (+2.8\% QoQ)
- **Operating Margin Target**: 25.5\%
- **Capital Expenditure Budget**: \$1.2M
- **Headcount Growth**: +15 FTEs

Full Year 2025 Targets

- **Revenue Goal**: \$55M (+7.5\% YoY)
- **Operating Income Target**: \$14M
- **EBITDA Target**: \$17.5M
- **Free Cash Flow Target**: $12M

### Recommendations

Strategic Initiatives for 2025

5. **Digital Transformation**: Invest $2M in automation technologies
6. **Market Expansion**: Enter 2 new geographic markets

3. Product Innovation: Launch 3 new product lines

4. Operational Excellence: Achieve 3% cost reduction target

Financial Controls Enhancement

7. Implement real-time expense monitoring system
8. Enhance vendor payment automation

3. Strengthen cash flow forecasting capabilities

4. Improve financial reporting automation

Prepared by: Finance Department

Date: January 15, 2025

Review Cycle: Quarterly

Next Review: April 15, 2025

Document Classification: Confidential

Distribution: C-Level Executives, Board Members, Department Heads"
data/unstructured/finance/Q4_2024_Financial_Results.pdf,https://raw.githubusercontent.com/evolvconsulting/snowflake-ai-demo/refs/heads/main/data/unstructured/finance/Q4_2024_Financial_Results.pdf,"{
  ""CONTENT_TYPE"": ""application/pdf"",
  ""ETAG"": ""eac5ca9a1c308a9b4e4294c5c85074de"",
  ""LAST_MODIFIED"": ""Fri, 21 Nov 2025 04:26:39 GMT"",
  ""RELATIVE_PATH"": ""data/unstructured/finance/Q4_2024_Financial_Results.pdf"",
  ""SIZE"": 423730,
  ""STAGE"": ""@EVOLV_E2E_SNOWFLAKE_AI_HOL.EDW.INTERNAL_DATA_STAGE""
}","# Q4 2024 Financial Results 

Finance Department Presentation
January 2025
# Executive Summary 

- Strong Q4 Performance
- Revenue: \$12.8M (+15\% YoY)
- Operating Income: \$3.2M (+22\% YoY)
- Net Profit Margin: 18.5\%
- Strong cash flow and cost management
# Revenue by Business Unit 

- Q4 2024 Revenue Distribution
- Sales Division: \$7.2M (56.4\%)
- Marketing Services: \$2.2M (16.8\%)
- Consulting: \$2.0M (15.8\%)
- Digital Solutions: \$1.4M (11.1\%)
# Revenue Distribution by Unit

- **Sales Division achieved over $7M in revenue**

![img-0.jpeg](img-0.jpeg)

- **Marketing Services contributed significantly to growth**

- **Consulting and Digital Solutions showed strong performance**

- **All business units exceeded expectations in Q4**

![img-1.jpeg](img-1.jpeg)
# Top Vendor Spend Analysis 

- Q4 2024 Vendor Performance
- TechCorp Solutions: \$456K (IT Infrastructure)
- Global Logistics: \$335K (Supply Chain)
- Marketing Dynamics: \$288K (Advertising)
- Professional Services: \$244K (Consulting)
# Key Takeaways

![img-2.jpeg](img-2.jpeg)

- Achieved strong Q4 performance with significant growth.
- Revenue increased across all business units.
- Operating income and net profit margin improved.
- Managed vendor spend effectively throughout the quarter."
data/unstructured/finance/Vendor_Management_Policy.pdf,https://raw.githubusercontent.com/evolvconsulting/snowflake-ai-demo/refs/heads/main/data/unstructured/finance/Vendor_Management_Policy.pdf,"{
  ""CONTENT_TYPE"": ""application/pdf"",
  ""ETAG"": ""05afc19139ca56afed3e084958da1078"",
  ""LAST_MODIFIED"": ""Fri, 21 Nov 2025 04:26:39 GMT"",
  ""RELATIVE_PATH"": ""data/unstructured/finance/Vendor_Management_Policy.pdf"",
  ""SIZE"": 38602,
  ""STAGE"": ""@EVOLV_E2E_SNOWFLAKE_AI_HOL.EDW.INTERNAL_DATA_STAGE""
}","# Vendor Management Policy 

## Vendor Management Policy 2025

## Overview

This policy establishes guidelines for vendor selection, management, and evaluation to ensure cost-effectiveness, quality service delivery, and risk mitigation.

## Vendor Selection Criteria

- Financial stability and creditworthiness
- Technical capabilities and expertise
- Compliance with security and regulatory requirements
- Cost competitiveness and value proposition
- References from similar organizations


## Key Vendor Categories

## Technology Vendors

- TechCorp Solutions: \$456,780 annually (IT Infrastructure)
- CloudTech Systems: \$234,560 annually (Cloud Services)
- Security Partners Inc: \$189,340 annually (Cybersecurity)


## Professional Services

- Global Logistics Partners: \$334,920 annually (Supply Chain)
- Professional Services LLC: \$243,560 annually (Consulting)
- Legal Advisory Group: \$156,780 annually (Legal Services)


## Vendor Performance Metrics

- Service Level Agreement (SLA) compliance: 98\%+ target
- Cost management: Within 5\% of budget
- Quality scores: $4.0+$ out of 5.0
- Response time: $95 \%$ within agreed timeframes"
data/unstructured/finance/vendor_contracts/Global_Logistics_Partners_Contract.pdf,https://raw.githubusercontent.com/evolvconsulting/snowflake-ai-demo/refs/heads/main/data/unstructured/finance/vendor_contracts/Global_Logistics_Partners_Contract.pdf,"{
  ""CONTENT_TYPE"": ""application/pdf"",
  ""ETAG"": ""36eefa26e2210f717de8a3ef02dcdbe5"",
  ""LAST_MODIFIED"": ""Fri, 21 Nov 2025 04:26:39 GMT"",
  ""RELATIVE_PATH"": ""data/unstructured/finance/vendor_contracts/Global_Logistics_Partners_Contract.pdf"",
  ""SIZE"": 60615,
  ""STAGE"": ""@EVOLV_E2E_SNOWFLAKE_AI_HOL.EDW.INTERNAL_DATA_STAGE""
}","# SERVICE AGREEMENT - GLOBAL LOGISTICS PARTNERS 

## Contract Information

| Vendor Name: | Global Logistics Partners |
| :-- | :-- |
| Service Category: | Supply Chain |
| Annual Contract Value: | $\$ 334,920$ |
| Contract Period: | $2024-03-15$ to 2027-03-14 |
| Payment Terms: | Net 15 |
| Primary Contact: | Michael Chen, Account Manager |
| Phone: | $(555) 234-5678$ |
| Email: | michael.chen@globallogistics.com |
| Address: | 5678 Shipping Lane, Los Angeles, CA 90210 |

## Services Provided

- Freight Management
- Warehousing
- Distribution
- Customs Clearance


## Terms and Conditions

1. Service Level Agreement: Vendor agrees to maintain $99.5 \%$ uptime for all services.
2. Performance Standards: All deliverables must meet agreed-upon quality standards.
3. Confidentiality: Both parties agree to maintain confidentiality of proprietary information.
4. Liability: Vendor liability is limited to the annual contract value.
5. Force Majeure: Neither party shall be liable for delays due to circumstances beyond their control.
6. Termination: Either party may terminate with 60 days written notice.
7. Governing Law: This agreement is governed by the laws of the State of California.

## Return Policy

Damaged goods replaced within 48 hours

## Payment Terms

Payment Schedule: Net 15 from invoice date
Invoicing: Monthly invoices due by the 5th of each month
Late Fees: $1.5 \%$ per month on overdue amounts
Currency: All payments in USD
Method: ACH transfer or check payment accepted

# Renewal Terms 

This agreement may be renewed for additional one-year terms by mutual written consent.
Pricing adjustments may apply based on market conditions and service modifications.
Renewal notice must be provided 90 days prior to contract expiration.

## Authorized Signatures

| CLIENT: SF AI Demo Company | VENDOR: Global Logistics Partners |
| :-- | :-- |
| Signature: | Signature: |
| Name: John Smith, CFO | Name: Michael Chen, Account Manager |
| Date: July 27, 2025 | Date: July 27, 2025 |
|  |  |"
data/unstructured/finance/vendor_contracts/Marketing_Dynamics_Inc_Contract.pdf,https://raw.githubusercontent.com/evolvconsulting/snowflake-ai-demo/refs/heads/main/data/unstructured/finance/vendor_contracts/Marketing_Dynamics_Inc_Contract.pdf,"{
  ""CONTENT_TYPE"": ""application/pdf"",
  ""ETAG"": ""3031913ac429ff14e4cc9053be159809"",
  ""LAST_MODIFIED"": ""Fri, 21 Nov 2025 04:26:39 GMT"",
  ""RELATIVE_PATH"": ""data/unstructured/finance/vendor_contracts/Marketing_Dynamics_Inc_Contract.pdf"",
  ""SIZE"": 60422,
  ""STAGE"": ""@EVOLV_E2E_SNOWFLAKE_AI_HOL.EDW.INTERNAL_DATA_STAGE""
}","# SERVICE AGREEMENT - MARKETING DYNAMICS INC 

## Contract Information

| Vendor Name: | Marketing Dynamics Inc |
| :-- | :-- |
| Service Category: | Advertising Services |
| Annual Contract Value: | $\$ 287,640$ |
| Contract Period: | $2024-02-01$ to 2025-01-31 |
| Payment Terms: | Net 30 |
| Primary Contact: | Jessica Rodriguez, Creative Director |
| Phone: | $(555) 345-6789$ |
| Email: | jessica.rodriguez@marketingdynamics.com |
| Address: | 9012 Madison Avenue, New York, NY <br> 10016 |

## Services Provided

- Digital Advertising
- Content Creation
-     - Brand Strategy
-     - Campaign Management


## Terms and Conditions

1. Service Level Agreement: Vendor agrees to maintain $99.5 \%$ uptime for all services.
2. Performance Standards: All deliverables must meet agreed-upon quality standards.
3. Confidentiality: Both parties agree to maintain confidentiality of proprietary information.
4. Liability: Vendor liability is limited to the annual contract value.
5. Force Majeure: Neither party shall be liable for delays due to circumstances beyond their control.
6. Termination: Either party may terminate with 60 days written notice.
7. Governing Law: This agreement is governed by the laws of the State of California.

## Return Policy

Campaign adjustments within 14 days of launch
# Payment Terms 

Payment Schedule: Net 30 from invoice date
Invoicing: Monthly invoices due by the 5th of each month
Late Fees: $1.5 \%$ per month on overdue amounts
Currency: All payments in USD
Method: ACH transfer or check payment accepted

## Renewal Terms

This agreement may be renewed for additional one-year terms by mutual written consent.
Pricing adjustments may apply based on market conditions and service modifications.
Renewal notice must be provided 90 days prior to contract expiration.

## Authorized Signatures

| CLIENT: SF AI Demo Company | VENDOR: Marketing Dynamics Inc |
| :-- | :-- |
| Signature: | Signature: |
| Name: John Smith, CFO | Name: Jessica Rodriguez, Creative Director |
| Date: July 27, 2025 | Date: July 27, 2025 |
|  |  |"
data/unstructured/finance/vendor_contracts/Office_Solutions_Pro_Contract.pdf,https://raw.githubusercontent.com/evolvconsulting/snowflake-ai-demo/refs/heads/main/data/unstructured/finance/vendor_contracts/Office_Solutions_Pro_Contract.pdf,"{
  ""CONTENT_TYPE"": ""application/pdf"",
  ""ETAG"": ""aff5ce9e5eca905264b19c3e19a15f33"",
  ""LAST_MODIFIED"": ""Fri, 21 Nov 2025 04:26:39 GMT"",
  ""RELATIVE_PATH"": ""data/unstructured/finance/vendor_contracts/Office_Solutions_Pro_Contract.pdf"",
  ""SIZE"": 60903,
  ""STAGE"": ""@EVOLV_E2E_SNOWFLAKE_AI_HOL.EDW.INTERNAL_DATA_STAGE""
}","# SERVICE AGREEMENT - OFFICE SOLUTIONS PRO 

## Contract Information

| Vendor Name: | Office Solutions Pro |
| :-- | :-- |
| Service Category: | Office Supplies \& Equipment |
| Annual Contract Value: | $\$ 198,430$ |
| Contract Period: | $2024-01-01$ to $2025-12-31$ |
| Payment Terms: | Net 30 |
| Primary Contact: | Amanda Wilson, Sales Representative |
| Phone: | $(555) 567-8901$ |
| Email: | amanda.wilson@officesolutions.com |
| Address: | 7890 Business Park Dr, Austin, TX 78701 |

## Services Provided

- Office Supplies
- $\cdot$ Equipment Rental
- Maintenance Services
- Installation Support


## Terms and Conditions

1. Service Level Agreement: Vendor agrees to maintain $99.5 \%$ uptime for all services.
2. Performance Standards: All deliverables must meet agreed-upon quality standards.
3. Confidentiality: Both parties agree to maintain confidentiality of proprietary information.
4. Liability: Vendor liability is limited to the annual contract value.
5. Force Majeure: Neither party shall be liable for delays due to circumstances beyond their control.
6. Termination: Either party may terminate with 60 days written notice.
7. Governing Law: This agreement is governed by the laws of the State of California.

## Return Policy

60-day return policy for unopened items

## Payment Terms

Payment Schedule: Net 30 from invoice date
Invoicing: Monthly invoices due by the 5th of each month Late Fees: $1.5 \%$ per month on overdue amounts Currency: All payments in USD Method: ACH transfer or check payment accepted

# Renewal Terms 

This agreement may be renewed for additional one-year terms by mutual written consent.

Pricing adjustments may apply based on market conditions and service modifications. Renewal notice must be provided 90 days prior to contract expiration.

## Authorized Signatures

| CLIENT: SF AI Demo Company | VENDOR: Office Solutions Pro |
| :-- | :-- |
| Signature: | Signature: |
| Name: John Smith, CFO | Name: Amanda Wilson, Sales <br> Representative |
| Date: July 27, 2025 | Date: July 27, 2025 |"
data/unstructured/finance/vendor_contracts/Professional_Services_LLC_Contract.pdf,https://raw.githubusercontent.com/evolvconsulting/snowflake-ai-demo/refs/heads/main/data/unstructured/finance/vendor_contracts/Professional_Services_LLC_Contract.pdf,"{
  ""CONTENT_TYPE"": ""application/pdf"",
  ""ETAG"": ""d396baa40f056dc5c6b239ee621456ab"",
  ""LAST_MODIFIED"": ""Fri, 21 Nov 2025 04:26:39 GMT"",
  ""RELATIVE_PATH"": ""data/unstructured/finance/vendor_contracts/Professional_Services_LLC_Contract.pdf"",
  ""SIZE"": 60551,
  ""STAGE"": ""@EVOLV_E2E_SNOWFLAKE_AI_HOL.EDW.INTERNAL_DATA_STAGE""
}","# SERVICE AGREEMENT - PROFESSIONAL SERVICES LLC 

## Contract Information

| Vendor Name: | Professional Services LLC |
| :-- | :-- |
| Service Category: | Consulting |
| Annual Contract Value: | $\$ 243,560$ |
| Contract Period: | $2024-01-15$ to 2024-12-31 |
| Payment Terms: | Net 45 |
| Primary Contact: | David Thompson, Principal Consultant |
| Phone: | $(555) 456-7890$ |
| Email: | david.thompson@profservices.com |
| Address: | 3456 Corporate Plaza, Chicago, IL 60601 |

## Services Provided

- Business Consulting
- Process Optimization
- Strategy Development
- Change Management


## Terms and Conditions

1. Service Level Agreement: Vendor agrees to maintain $99.5 \%$ uptime for all services.
2. Performance Standards: All deliverables must meet agreed-upon quality standards.
3. Confidentiality: Both parties agree to maintain confidentiality of proprietary information.
4. Liability: Vendor liability is limited to the annual contract value.
5. Force Majeure: Neither party shall be liable for delays due to circumstances beyond their control.
6. Termination: Either party may terminate with 60 days written notice.
7. Governing Law: This agreement is governed by the laws of the State of California.

## Return Policy

Satisfaction guarantee with rework provision

## Payment Terms

Payment Schedule: Net 45 from invoice date
Invoicing: Monthly invoices due by the 5th of each month Late Fees: $1.5 \%$ per month on overdue amounts Currency: All payments in USD Method: ACH transfer or check payment accepted

# Renewal Terms 

This agreement may be renewed for additional one-year terms by mutual written consent.

Pricing adjustments may apply based on market conditions and service modifications. Renewal notice must be provided 90 days prior to contract expiration.

## Authorized Signatures

| CLIENT: SF AI Demo Company | VENDOR: Professional Services LLC |
| :-- | :-- |
| Signature: | Signature: |
| Name: John Smith, CFO | Name: David Thompson, Principal <br> Consultant |
| Date: July 27, 2025 | Date: July 27, 2025 |"
data/unstructured/finance/vendor_contracts/TechCorp_Solutions_Contract.pdf,https://raw.githubusercontent.com/evolvconsulting/snowflake-ai-demo/refs/heads/main/data/unstructured/finance/vendor_contracts/TechCorp_Solutions_Contract.pdf,"{
  ""CONTENT_TYPE"": ""application/pdf"",
  ""ETAG"": ""480128d69c145f38d4244f435da64a0e"",
  ""LAST_MODIFIED"": ""Fri, 21 Nov 2025 04:26:39 GMT"",
  ""RELATIVE_PATH"": ""data/unstructured/finance/vendor_contracts/TechCorp_Solutions_Contract.pdf"",
  ""SIZE"": 60381,
  ""STAGE"": ""@EVOLV_E2E_SNOWFLAKE_AI_HOL.EDW.INTERNAL_DATA_STAGE""
}","# SERVICE AGREEMENT - TECHCORP SOLUTIONS 

## Contract Information

| Vendor Name: | TechCorp Solutions |
| :-- | :-- |
| Service Category: | IT Infrastructure |
| Annual Contract Value: | $\$ 456,780$ |
| Contract Period: | $2024-01-01$ to 2026-12-31 |
| Payment Terms: | Net 30 |
| Primary Contact: | Sarah Johnson, VP Sales |
| Phone: | $(555) 123-4567$ |
| Email: | sarah.johnson@techcorp.com |
| Address: | 1234 Technology Blvd, San Francisco, CA <br> 94105 |

## Services Provided

- Cloud Infrastructure
- Network Management
- Security Services
- 24/7 Support


## Terms and Conditions

1. Service Level Agreement: Vendor agrees to maintain $99.5 \%$ uptime for all services.
2. Performance Standards: All deliverables must meet agreed-upon quality standards.
3. Confidentiality: Both parties agree to maintain confidentiality of proprietary information.
4. Liability: Vendor liability is limited to the annual contract value.
5. Force Majeure: Neither party shall be liable for delays due to circumstances beyond their control.
6. Termination: Either party may terminate with 60 days written notice.
7. Governing Law: This agreement is governed by the laws of the State of California.

## Return Policy

30-day full refund for unused services
# Payment Terms 

Payment Schedule: Net 30 from invoice date
Invoicing: Monthly invoices due by the 5th of each month
Late Fees: $1.5 \%$ per month on overdue amounts
Currency: All payments in USD
Method: ACH transfer or check payment accepted

## Renewal Terms

This agreement may be renewed for additional one-year terms by mutual written consent.
Pricing adjustments may apply based on market conditions and service modifications.
Renewal notice must be provided 90 days prior to contract expiration.

## Authorized Signatures

| CLIENT: SF AI Demo Company | VENDOR: TechCorp Solutions |
| :-- | :-- |
| Signature: | Signature: |
| Name: John Smith, CFO | Name: Sarah Johnson, VP Sales |
| Date: July 27, 2025 | Date: July 27, 2025 |
|  |  |"
data/unstructured/finance/vendor_contracts/amendments/Marketing_Dynamics_Inc_Amendment_Amendment 1.pdf,https://raw.githubusercontent.com/evolvconsulting/snowflake-ai-demo/refs/heads/main/data/unstructured/finance/vendor_contracts/amendments/Marketing_Dynamics_Inc_Amendment_Amendment 1.pdf,"{
  ""CONTENT_TYPE"": ""application/pdf"",
  ""ETAG"": ""7310de61b6f67f702c587190fd3b8488"",
  ""LAST_MODIFIED"": ""Fri, 21 Nov 2025 04:26:39 GMT"",
  ""RELATIVE_PATH"": ""data/unstructured/finance/vendor_contracts/amendments/Marketing_Dynamics_Inc_Amendment_Amendment 1.pdf"",
  ""SIZE"": 42629,
  ""STAGE"": ""@EVOLV_E2E_SNOWFLAKE_AI_HOL.EDW.INTERNAL_DATA_STAGE""
}","# CONTRACT AMENDMENT 

## Marketing Dynamics Inc - Amendment \#1

## Amendment Details

| Vendor: | Marketing Dynamics Inc |
| :-- | :-- |
| Amendment Number: | Amendment \#1 |
| Amendment Date: | $2024-09-30$ |
| Description: | Campaign Scope Expansion |
| Effective Date: | $2024-10-01$ |

## Contract Changes

- Added social media management services
- Increased monthly retainer by $\$ 5,000$
- Added influencer marketing capabilities
- Extended contract term by 6 months


## Approval

This amendment has been reviewed and approved by both parties. All other terms and conditions
of the original contract remain in full force and effect unless specifically modified by this amendment."
data/unstructured/finance/vendor_contracts/amendments/TechCorp_Solutions_Amendment_Amendment 1.pdf,https://raw.githubusercontent.com/evolvconsulting/snowflake-ai-demo/refs/heads/main/data/unstructured/finance/vendor_contracts/amendments/TechCorp_Solutions_Amendment_Amendment 1.pdf,"{
  ""CONTENT_TYPE"": ""application/pdf"",
  ""ETAG"": ""a866744a20816549fc6ccfea2ffbd13b"",
  ""LAST_MODIFIED"": ""Fri, 21 Nov 2025 04:26:39 GMT"",
  ""RELATIVE_PATH"": ""data/unstructured/finance/vendor_contracts/amendments/TechCorp_Solutions_Amendment_Amendment 1.pdf"",
  ""SIZE"": 42395,
  ""STAGE"": ""@EVOLV_E2E_SNOWFLAKE_AI_HOL.EDW.INTERNAL_DATA_STAGE""
}","# CONTRACT AMENDMENT 

## TechCorp Solutions - Amendment \#1

## Amendment Details

| Vendor: | TechCorp Solutions |
| :-- | :-- |
| Amendment Number: | Amendment \#1 |
| Amendment Date: | $2024-06-15$ |
| Description: | Security Services Enhancement |
| Effective Date: | $2024-07-01$ |

## Contract Changes

- Added advanced threat monitoring service
- Increased monthly service fee by $\$ 2,500$
- Extended support hours to 24/7/365
- Added quarterly security assessments


## Approval

This amendment has been reviewed and approved by both parties. All other terms and conditions
of the original contract remain in full force and effect unless specifically modified by this amendment."
data/unstructured/hr/Employee_Handbook_2025.pdf,https://raw.githubusercontent.com/evolvconsulting/snowflake-ai-demo/refs/heads/main/data/unstructured/hr/Employee_Handbook_2025.pdf,"{
  ""CONTENT_TYPE"": ""application/pdf"",
  ""ETAG"": ""f2785d66a15e0875874fd129c1f98918"",
  ""LAST_MODIFIED"": ""Fri, 21 Nov 2025 04:26:39 GMT"",
  ""RELATIVE_PATH"": ""data/unstructured/hr/Employee_Handbook_2025.pdf"",
  ""SIZE"": 185816,
  ""STAGE"": ""@EVOLV_E2E_SNOWFLAKE_AI_HOL.EDW.INTERNAL_DATA_STAGE""
}","# Employee Handbook 2025 

## Employee Handbook 2025

Version: 5.3
Effective Date: January 1, 2025
Last Reviewed: December 2024

## Welcome to Our Company

Welcome to our organization! This Employee Handbook is designed to provide you with important information about our company policies, procedures, benefits, and expectations. Please read this handbook carefully and refer to it whenever you have questions about company policies.

## Our Mission Statement

""To empower businesses through innovative technology solutions while fostering a culture of excellence, collaboration, and continuous learning for our employees.""

## Company Values

- **Innovation**: We embrace new ideas and technologies to drive progress
- **Integrity**: We act with honesty and transparency in all our interactions
- **Collaboration**: We achieve more when we work together as a team
- **Excellence**: We strive for the highest quality in everything we do
- **Growth**: We invest in the development of our people and organization


## Employment Basics

Equal Employment Opportunity
We are committed to providing equal employment opportunities to all employees and applicants without regard to race, color, religion, sex, sexual orientation, gender identity, national origin, age, disability, veteran status, or any other protected characteristic under applicable law.

## At-Will Employment

Employment with our company is at-will, meaning that either you or the company may terminate the employment relationship at any time, with or without cause, and with or without advance notice.

## Employment Classifications

- **Full-Time Employees**: Regularly scheduled to work 40 hours per week
- **Part-Time Employees**: Regularly scheduled to work less than 40 hours per week
- **Temporary Employees**: Hired for a specific project or time period
- **Contract Employees**: Independent contractors providing specific services


# Background Checks and Drug Testing 

All employment offers are contingent upon satisfactory completion of background checks and drug testing as required by the position and applicable law.

## Workplace Policies

## Code of Conduct

All employees are expected to:

- Treat colleagues, customers, and vendors with respect and professionalism
- Maintain confidentiality of proprietary and customer information
- Avoid conflicts of interest and report potential conflicts to management
- Comply with all applicable laws, regulations, and company policies
- Report suspected violations of the code of conduct to HR or management


## Anti-Harassment and Anti-Discrimination Policy

We prohibit harassment and discrimination based on any protected characteristic. This includes:

- Verbal or written harassment
- Physical harassment or violence
- Visual harassment (displays, pictures, etc.)
- Sexual harassment of any kind
- Retaliation against those who report harassment


## Reporting Violations

Employees who experience or witness harassment, discrimination, or other policy violations should report them immediately to:

- Your direct supervisor
- Human Resources Department
- Anonymous hotline: 1-800-XXX-XXXX
- Online reporting portal: company.ethicsline.com


## Open Door Policy

We maintain an open door policy encouraging employees to discuss concerns, suggestions, or questions with management and HR at any time.

## Work Schedule and Attendance

## Standard Work Hours

- **Full-Time**: 40 hours per week, typically Monday-Friday 9:00 AM - 5:00 PM
- **Core Hours**: 10:00 AM - 3:00 PM (all employees should be available)
- **Flexible Schedule**: Available with manager approval for eligible positions

Remote Work Policy
Eligible employees may work remotely with prior approval based on:

- Job requirements and suitability for remote work
- Employee performance and reliability
- Business needs and team collaboration requirements
- Proper home office setup and technology access


# Attendance and Punctuality 

Regular attendance and punctuality are essential. Employees must:

- Notify their supervisor of any absence or tardiness as soon as possible
- Provide advance notice for planned absences when possible
- Follow proper procedures for requesting time off
- Maintain reliable attendance patterns


## Time Recording

All non-exempt employees must accurately record time worked using the company time tracking system. Falsification of time records is grounds for disciplinary action.

## Compensation and Benefits

Pay Periods and Payroll

- **Pay Frequency**: Bi-weekly (every other Friday)
- **Pay Delivery**: Direct deposit (preferred) or paper check
- **Pay Statements**: Available electronically through employee portal
- **Overtime**: Non-exempt employees receive overtime pay at 1.5x regular rate for hours over 40 per week


## Performance Reviews and Salary Adjustments

- **Review Schedule**: Annual performance reviews in Q1
- **Merit Increases**: Based on performance, market data, and budget availability
- **Promotion Reviews**: Conducted as opportunities arise
- **360-Degree Feedback**: Available for leadership development


## Health and Wellness Benefits

## Medical Insurance

- **Coverage**: Multiple plan options available
- **Company Contribution**: $80 \%$ of employee premium, $70 \%$ of family premium
- **Eligibility**: Full-time employees and their dependents
- **Enrollment**: Within 30 days of hire or during annual open enrollment
# Dental and Vision Insurance 

- **Dental Coverage**: Preventive, basic, and major services
- **Vision Coverage**: Exams, glasses, and contact lenses
- **Company Contribution**: $100 \%$ of employee premium, $50 \%$ of family premium


## Health Savings Account (HSA)

- **Annual Contribution**: Company contributes \$1,500 for individual, \$3,000 for family
- **Employee Contributions**: Pre-tax contributions up to IRS limits
- **Investment Options**: Available for balances over \$2,000


## Wellness Programs

- **Fitness Reimbursement**: Up to $\$ 500$ annually for gym memberships or fitness classes
- **Wellness Screenings**: Annual on-site health screenings
- **Mental Health Support**: Employee Assistance Program (EAP) with confidential counseling
- **Wellness Challenges**: Quarterly team-based wellness competitions


## Retirement Benefits

## 401(k) Plan

- **Eligibility**: Immediate enrollment for all employees
- **Company Match**: $100 \%$ match up to $6 \%$ of salary
- **Vesting Schedule**: Immediate vesting for all contributions
- **Investment Options**: 20+ mutual fund options plus target-date funds


## Financial Planning

- **Financial Wellness**: Access to financial planning resources and tools
- **Retirement Counseling**: Annual one-on-one sessions with financial advisors
- **Student Loan Assistance**: Up to \$2,000 annually for qualifying loans


## Time Off and Leave Policies

## Paid Time Off (PTO)

- **Accrual Rate**:
- Years 1-2: 15 days annually
- Years 3-5: 20 days annually
- Years 6+: 25 days annually
- **Usage**: Must be requested and approved in advance
- **Carryover**: Up to 40 hours may be carried over to the next year


## Holiday Schedule

Observed Holidays (11 days annually):
- New Year's Day
- Martin Luther King Jr. Day
- Presidents' Day
- Memorial Day
- Independence Day
- Labor Day
- Columbus Day
- Veterans Day
- Thanksgiving Day
- Day after Thanksgiving
- Christmas Day


# Sick Leave 

- **Accrual**: 8 hours per month for all employees
- **Usage**: For employee illness, medical appointments, or family care
- **Documentation**: Medical certification required for absences over 3 consecutive days


## Family and Medical Leave

- **FMLA Eligibility**: Employees who have worked 12+ months and 1,250+ hours
- **Leave Duration**: Up to 12 weeks of unpaid leave
- **Covered Reasons**: Birth/adoption, serious health condition, military family leave
- **Job Protection**: Return to same or equivalent position guaranteed


## Parental Leave

- **Maternity/Paternity Leave**: 12 weeks paid leave for birth or adoption
- **Eligibility**: All employees after 90 days of employment
- **Pay**: $100 \%$ of salary for first 6 weeks, $60 \%$ for remaining 6 weeks
- **Benefits**: Health insurance premiums paid during leave


## Professional Development

## Learning and Development Opportunities

- **Annual Training Budget**: \$2,500 per employee
- **Conference Attendance**: Support for industry conferences and events
- **Internal Training**: Monthly lunch-and-learn sessions
- **Online Learning**: LinkedIn Learning and Coursera access
- **Mentorship Program**: Formal mentoring relationships available


## Tuition Reimbursement

- **Coverage**: Up to \$5,000 annually for job-related education
- **Eligible Programs**: Degree programs, professional certifications, job-related courses
- **Requirements**: Pre-approval required, maintain grade of ""C"" or better
- **Commitment**: 2-year employment commitment after completion
# Career Development 

- **Career Pathing**: Annual career development discussions
- **Internal Mobility**: Priority consideration for internal candidates
- **Skills Assessment**: Annual skills gap analysis and development planning
- **Leadership Development**: Programs for high-potential employees


## Technology and Information Security

## IT Equipment and Usage

- **Equipment Provision**: Company-provided laptop, monitor, and phone as needed
- **Acceptable Use**: Business use with limited personal use permitted
- **Security Requirements**: Mandatory security software and regular updates
- **Return Policy**: All equipment must be returned upon termination


## Data Security and Confidentiality

- **Confidential Information**: Protect all proprietary and customer data
- **Access Controls**: Use only authorized systems and data
- **Password Requirements**: Strong passwords, multi-factor authentication
- **Incident Reporting**: Immediate reporting of security incidents


## Social Media Policy

- **Personal Use**: Employees may use social media but must not represent company views
- **Professional Use**: Company-approved social media activities only
- **Confidentiality**: Do not share confidential company information
- **Respectful Communication**: Maintain professionalism in all online interactions


## Workplace Safety and Security

## Safety Commitment

We are committed to providing a safe and healthy work environment for all employees, visitors, and contractors.

## Emergency Procedures

- **Fire Evacuation**: Posted evacuation routes and assembly areas
- **Medical Emergencies**: First aid kits and trained first aid responders available
- **Severe Weather**: Shelter procedures and emergency communication protocols
- **Security Threats**: Immediate notification to security and law enforcement


## Injury Reporting

- **Immediate Reporting**: All workplace injuries must be reported immediately
- **Medical Attention**: Seek appropriate medical care for all injuries
- **Documentation**: Complete incident reports within 24 hours
- **Workers' Compensation**: Coverage provided for work-related injuries
# Violence Prevention 

- **Zero Tolerance**: No tolerance for workplace violence or threats
- **Reporting**: Immediate reporting of threats or violent behavior
- **Security Measures**: Access controls, visitor management, and security personnel
- **Support Resources**: EAP counseling and threat assessment protocols


## Travel and Expense Policies

## Business Travel

- **Approval**: Manager approval required for all business travel
- **Booking**: Use approved travel booking system or agency
- **Accommodations**: Reasonable hotel accommodations in safe locations
- **Transportation**: Most economical and practical option for business needs


## Expense Reimbursement

- **Submission**: Expense reports due within 30 days of travel
- **Documentation**: Receipts required for all expenses over \$25
- **Approval**: Manager approval required before reimbursement
- **Payment**: Reimbursement within 10 business days of approval


## Per Diem Allowances

- **Meals**: $\$ 75$ per day for domestic travel, $\$ 100$ for international
- **Incidentals**: $\$ 25$ per day for miscellaneous expenses
- **Alcohol**: Reimbursed only for client entertainment
- **Local Travel**: Mileage reimbursement at IRS standard rate


## Disciplinary Procedures

Progressive Discipline Policy
We follow a progressive discipline approach:

1. **Verbal Warning**: Coaching and documentation
2. **Written Warning**: Formal documentation and improvement plan
3. Final Warning: Last chance agreement with specific expectations
4. Termination: End of employment relationship

Serious Misconduct
Certain violations may result in immediate termination:

- Theft or fraud
- Violence or threats of violence
- Harassment or discrimination
- Substance abuse on company property
- Violation of confidentiality agreements

Performance Improvement

- **Performance Plans**: 90-day improvement plans for performance issues
- **Support Resources**: Training, coaching, and additional support provided
- **Regular Check-ins**: Weekly meetings during improvement period
- **Success Criteria**: Clear, measurable goals and expectations

Employee Resources
Human Resources Contact Information

- **HR Director**: [Name] - extension 1234 - hr-director@company.com
- **HR Generalist**: [Name] - extension 1235 - hr@company.com
- **Benefits Coordinator**: [Name] - extension 1236 - benefits@company.com

Employee Assistance Program (EAP)

- **Confidential Counseling**: Free counseling services for employees and families
- **Work-Life Balance**: Resources for stress management and life challenges
- **Legal Services**: Consultation on legal matters
- **Financial Counseling**: Debt management and financial planning assistance

Internal Communications

- **Company Intranet**: Central hub for policies, news, and resources
- **Monthly Newsletter**: Company updates and employee spotlights
- **Quarterly All-Hands**: Company performance and strategic updates
- **Anonymous Feedback**: Suggestion box and anonymous survey tools


# Policy Changes and Updates 

## Handbook Maintenance

This handbook is reviewed and updated annually or as needed. Employees will be notified of significant policy changes through:

- Email announcements
- Intranet updates
- Department meetings
- Revised handbook distribution


## Acknowledgment of Receipt

All employees must acknowledge receipt and understanding of this handbook. Updates require new acknowledgment within 30 days.

Document Owner: Human Resources Department
Review Schedule: Annual review in Q4
Questions: Contact HR at hr@company.com or extension 1235
Disclaimer: This handbook is not a contract of employment. The company reserves the right to modify policies at any time with appropriate notice.

Effective Date: January 1, 2025
Next Review: December 2025"
data/unstructured/hr/HR_Department_Overview_2025.pdf,https://raw.githubusercontent.com/evolvconsulting/snowflake-ai-demo/refs/heads/main/data/unstructured/hr/HR_Department_Overview_2025.pdf,"{
  ""CONTENT_TYPE"": ""application/pdf"",
  ""ETAG"": ""adf1715310ed628b24e0c54627ca6d3f"",
  ""LAST_MODIFIED"": ""Fri, 21 Nov 2025 04:26:39 GMT"",
  ""RELATIVE_PATH"": ""data/unstructured/hr/HR_Department_Overview_2025.pdf"",
  ""SIZE"": 1232892,
  ""STAGE"": ""@EVOLV_E2E_SNOWFLAKE_AI_HOL.EDW.INTERNAL_DATA_STAGE""
}","# HR Department Overview 

2025 Employee Programs \& Benefits
Human Resources
# Workforce Demographics

![img-0.jpeg](img-0.jpeg)

- Workforce comprises 1,000 dedicated employees
- Sales team accounts for 200 representatives
- Average employee tenure is 3.2 years
- Employee satisfaction rating is an impressive 87%
# Gender Distribution

![img-1.jpeg](img-1.jpeg)

![img-2.jpeg](img-2.jpeg)

- Workforce gender split is nearly even
- Males represent 52% of total employees
- Females account for 48% of the workforce
# Future HR Goals

- Expanding professional development opportunities
- Enhancing employee wellness programs
- Implementing new HR technology solutions
- Fostering a more diverse and inclusive workplace

![img-3.jpeg](img-3.jpeg)
# Benefits Program Utilization 

- High Engagement Programs
- 401(k) Participation: 95\%
- Health Insurance Enrollment: 98\%
- Professional Development: 78\% participated
- Fitness Reimbursement: 45\% usage
# Professional Development Results 

- Investment in Employee Growth
- Total Training Hours: 12,000
- Certifications Earned: 156
- Internal Promotions: 45
- Employee Retention: 92\%
# Employee Wellness Initiatives 

- Supporting Work-Life Balance
- Remote Work Adoption: 65\%
- Mental Health Support: 89\% awareness
- Parental Leave: 12 weeks paid
- Flexible Schedule: 70\% participation
# Key Takeaways & Next Steps

![img-4.jpeg](img-4.jpeg)

- HR programs focus on employee growth and well-being.
- High participation in benefits and development programs.
- Strong employee satisfaction and retention rates.
- Company supports work-life balance initiatives."
data/unstructured/hr/Performance_Review_Guidelines.pdf,https://raw.githubusercontent.com/evolvconsulting/snowflake-ai-demo/refs/heads/main/data/unstructured/hr/Performance_Review_Guidelines.pdf,"{
  ""CONTENT_TYPE"": ""application/pdf"",
  ""ETAG"": ""e3367afd9927938a464626b3989ce490"",
  ""LAST_MODIFIED"": ""Fri, 21 Nov 2025 04:26:39 GMT"",
  ""RELATIVE_PATH"": ""data/unstructured/hr/Performance_Review_Guidelines.pdf"",
  ""SIZE"": 48338,
  ""STAGE"": ""@EVOLV_E2E_SNOWFLAKE_AI_HOL.EDW.INTERNAL_DATA_STAGE""
}","# Performance Review Guidelines 

## Performance Review Guidelines 2025

## Overview

Annual performance reviews are conducted to evaluate employee performance, set goals, and identify development opportunities.

## Review Process Timeline

- **January**: Performance review cycle begins
- **February**: Manager-employee review meetings
- **March**: Calibration sessions and final ratings
- **April**: Merit increase implementation


## Performance Rating Scale

- **Exceeds Expectations (5)**: Consistently surpasses goals and expectations
- **Meets Expectations (4)**: Consistently achieves goals and requirements
- **Partially Meets Expectations (3)**: Generally achieves most goals
- **Below Expectations (2)**: Struggles to meet basic requirements
- **Unsatisfactory (1)**: Fails to meet minimum job requirements


## Key Performance Areas

## Sales Representatives

- Revenue achievement vs. quota
- New customer acquisition
- Customer satisfaction scores
- Pipeline development and management
- Product knowledge and skills demonstration


## Marketing Team

- Lead generation and quality metrics
- Campaign performance and ROI
- Brand awareness and engagement
- Content creation and thought leadership
- Cross-functional collaboration


## Finance Team

- Accuracy of financial reporting
- Process improvement initiatives
- Compliance and audit results
- Budget management and forecasting
- Vendor relationship management


# Development Planning 

- Individual development plan creation
- Training and certification requirements
- Mentorship program participation
- Career advancement discussions
- Skill gap analysis and improvement plans"
data/unstructured/marketing/2025_Marketing_Strategy.pdf,https://raw.githubusercontent.com/evolvconsulting/snowflake-ai-demo/refs/heads/main/data/unstructured/marketing/2025_Marketing_Strategy.pdf,"{
  ""CONTENT_TYPE"": ""application/pdf"",
  ""ETAG"": ""636b4b536bd87ba1d44fe9ac713dc2a8"",
  ""LAST_MODIFIED"": ""Fri, 21 Nov 2025 04:26:39 GMT"",
  ""RELATIVE_PATH"": ""data/unstructured/marketing/2025_Marketing_Strategy.pdf"",
  ""SIZE"": 206156,
  ""STAGE"": ""@EVOLV_E2E_SNOWFLAKE_AI_HOL.EDW.INTERNAL_DATA_STAGE""
}","# 2025 Marketing Strategy 

## 2025 Marketing Strategy \& Campaign Plan

Document Version: 2.0
Prepared by: Marketing Department
Date: January 2025
Review Period: Quarterly

## Executive Summary

The 2025 Marketing Strategy focuses on driving qualified lead generation, building brand awareness, and supporting revenue growth of $\$ 55 \mathrm{M}$. Our integrated approach combines digital marketing, content leadership, and data-driven campaign optimization to achieve a $25 \%$ increase in marketing qualified leads (MQLs) and improve lead quality scores by $30 \%$.

## Key Strategic Objectives

- **Lead Generation**: 2,400 MQLs annually ( $125 \%$ vs 2024)
- **Brand Awareness**: $40 \%$ aided brand recognition in target markets
- **Customer Acquisition Cost**: Reduce CAC by $15 \%$ through optimization
- **Revenue Attribution**: $\$ 16.5 \mathrm{M}$ in marketing-attributed revenue
- **Digital Transformation**: $70 \%$ of campaigns fully automated


## Market Analysis and Positioning

Target Market Segmentation
Primary Target: Enterprise Technology Companies

- **Company Size**: 1,000+ employees, \$100M+ revenue
- **Decision Makers**: CTO, VP Engineering, Head of DevOps
- **Pain Points**: Legacy system modernization, scalability challenges
- **Budget Authority**: \$50K-\$500K annual technology spend
- **Geographic Focus**: North America (65\%), Europe (25\%), APAC (10\%)

Secondary Target: Mid-Market Financial Services

- **Company Size**: 500-2,000 employees, \$50M-\$500M assets
- **Decision Makers**: CIO, Chief Risk Officer, Head of Compliance
- **Pain Points**: Regulatory compliance, digital transformation
- **Budget Authority**: \$25K-\$150K annual compliance spend
- **Geographic Focus**: North America (80\%), Europe (20\%)
# Emerging Target: Healthcare Organizations 

- **Company Size**: 200+ employees, Regional presence
- **Decision Makers**: CIO, CMO, Administrator
- **Pain Points**: Patient data security, operational efficiency
- **Budget Authority**: \$15K-\$100K annual technology spend
- **Geographic Focus**: North America (90\%), International (10\%)

Competitive Landscape

## Direct Competitors

1. **MarketLeader Inc.**

- Market share: $25 \%$
- Strengths: Brand recognition, partner ecosystem
- Weaknesses: Legacy technology, poor customer support
- Our differentiation: Modern architecture, superior support

2. **InnovativeTech Solutions**

- Market share: $18 \%$
- Strengths: Feature innovation, vertical specialization
- Weaknesses: Limited scalability, high costs
- Our differentiation: Better scalability, cost-effectiveness


## 3. StartupChallenger

- Market share: $12 \%$
- Strengths: Modern UI, competitive pricing
- Weaknesses: Limited enterprise features, small team
- Our differentiation: Enterprise capabilities, proven track record


## Brand Positioning Statement

""We empower growing businesses to scale efficiently through intelligent automation and modern technology solutions that reduce complexity, improve security, and drive measurable ROI.""

Campaign Strategy by Channel
Digital Marketing Campaigns
Search Engine Marketing (SEM)
Budget Allocation: $\$ 840,000$ ( $28 \%$ of total budget)

## Google Ads Strategy:

- **Brand Protection**: Defend against competitor bidding
- **High-Intent Keywords**: ""enterprise automation software"", ""compliance management platform""
- **Long-Tail Keywords**: ""how to automate financial reporting"", ""HIPAA compliance software""
- **Target CPC**: \$15-45 depending on keyword competitiveness
- **Expected CTR**: 4.5\% (industry benchmark: 3.2\%)


# Microsoft Ads Strategy: 

- **B2B Focus**: Target LinkedIn integration opportunities
- **Professional Keywords**: Target decision-maker searches
- **Budget**: 20\% of total SEM budget
- **Expected Performance**: 15\% higher conversion rate than Google


## Content Marketing \& SEO

Budget Allocation: \$450,000 (15\% of total budget)

## Content Pillars:

3. **Thought Leadership**: Industry trends, best practices, expert insights
4. **Product Education**: How-to guides, implementation strategies, ROI case studies
5. Customer Success: Case studies, testimonials, user-generated content
6. Technical Content: Whitepapers, integration guides, security documentation

## Content Calendar Highlights:

- **Monthly**: 8 blog posts, 2 whitepapers, 4 case studies
- **Quarterly**: Industry report, major announcement, webinar series
- **Annual**: State of the industry report, customer conference content


## SEO Targets:

- **Organic Traffic Growth**: 35\% increase year-over-year
- **Keyword Rankings**: Top 3 positions for 25 high-value keywords
- **Domain Authority**: Increase from 45 to 55
- **Featured Snippets**: Capture 15 featured snippet positions


## Social Media Marketing

Budget Allocation: \$180,000 (6\% of total budget)
LinkedIn Strategy (Primary Platform):

- **Company Page Growth**: 15,000 new followers
- **Thought Leadership**: C-level executive content program
- **Employee Advocacy**: 50\% employee participation rate
- **LinkedIn Ads**: Sponsored content and InMail campaigns
- **Target Engagement Rate**: 5.2% (industry average: 2.8%)

### **Twitter/X Strategy**:

- **Industry Conversations**: Participate in relevant industry discussions
- **Customer Support**: Real-time customer service integration
- **Event Promotion**: Conference and webinar amplification
- **Influencer Engagement**: Partner with industry thought leaders

### **YouTube Strategy**:

- **Product Demos**: Monthly demo video series
- **Customer Stories**: Quarterly video case studies
- **Educational Content**: How-to and best practice videos
- **Target**: 5,000 subscribers, 500K annual views

### *Email Marketing*

**Budget Allocation**: $120,000 (4% of total budget)

### **Lead Nurturing Campaigns**:

- **New Lead Sequence**: 7-email onboarding series
- **Product Trial**: 14-day trial nurture sequence
- **Post-Demo Follow-up**: 5-email decision support series
- **Customer Onboarding**: 30-day success program

### **Newsletter Program**:

- **Monthly Newsletter**: Industry insights and company updates
- **Weekly Digest**: Curated content for existing customers
- **Quarterly Report**: Industry trends and benchmark data

### **Email Performance Targets**:

- **Open Rate**: 28% (industry benchmark: 21.5%)
- **Click Rate**: 4.2% (industry benchmark: 2.6%)
- **Conversion Rate**: 8.5% (industry benchmark: 6.1%)
- **List Growth**: 2,000 new subscribers monthly

### **Traditional and Events Marketing**

### *Trade Shows and Conferences*

**Budget Allocation**: $600,000 (20% of total budget)

**Tier 1 Events** (Major Industry Conferences):
- **TechCrunch Disrupt**: $75,000 - Technology startup audience
- **RSA Conference**: $85,000 - Security and compliance focus
- **HIMSS**: $70,000 - Healthcare technology decision makers
- **Money20/20**: $80,000 - Financial services innovation

Tier 2 Events (Regional and Vertical-Specific):

- Regional technology meetups and conferences
- Industry-specific workshops and seminars
- Customer advisory board meetings
- Partner channel events


# Event ROI Targets: 

- **Lead Generation**: 150 qualified leads per major event
- **Pipeline Creation**: $2.5M pipeline per major event
- **Brand Exposure**: 5,000+ meaningful interactions annually
- **Customer Meetings**: 50+ existing customer meetings annually


## Webinar Program

Budget Allocation: \$90,000 (3\% of total budget)

## Monthly Webinar Series:

- **Product Deep Dives**: Feature demonstrations and use cases
- **Industry Insights**: Trend analysis and expert panels
- **Customer Spotlights**: Success story presentations
- **Technical Sessions**: Implementation and integration guidance


## Webinar Performance Targets:

- **Registration Rate**: 400 registrants per webinar
- **Attendance Rate**: $55 \%$ of registrants attend live
- **Lead Quality**: $25 \%$ of attendees request follow-up meetings
- **Conversion Rate**: $12 \%$ of webinar leads convert to opportunities

Account-Based Marketing (ABM)

## Target Account Strategy

Budget Allocation: \$450,000 (15\% of total budget)
Tier 1 Accounts (Top 50 prospects):

- **Annual Revenue Potential**: \$200K+ per account
- **Marketing Investment**: \$3,000 per account annually
- **Personalization Level**: Fully customized campaigns and content
- **Engagement Channels**: Multi-channel outreach and events

Tier 2 Accounts (Next 200 prospects):

- **Annual Revenue Potential**: \$75K+ per account
- **Marketing Investment**: \$1,200 per account annually
- **Personalization Level**: Industry and segment-specific campaigns
- **Engagement Channels**: Digital advertising and content syndication


# ABM Campaign Types: 

- **Executive Briefing Centers**: Custom presentations for C-level audiences
- **Industry Roundtables**: Exclusive events for target accounts
- **Personalized Content**: Custom case studies and ROI calculators
- **Direct Mail**: High-value dimensional mailers for decision makers


## Partnership Marketing

## Channel Partner Program

Budget Allocation: \$240,000 (8\% of total budget)

## Partner Tiers:

- **Platinum Partners**: Co-marketing budget up to $\$ 25 \mathrm{~K}$ annually
- **Gold Partners**: Co-marketing budget up to $\$ 15 \mathrm{~K}$ annually
- **Silver Partners**: Marketing support and materials provided


## Co-Marketing Activities:

- **Joint Webinars**: Monthly partner-hosted webinars
- **Content Collaboration**: Co-authored whitepapers and case studies
- **Event Participation**: Joint trade show presence and speaking opportunities
- **Lead Sharing**: Qualified lead exchange program


## Technology Integration Partners

Budget Allocation: \$120,000 (4\% of total budget)

## Integration Showcases:

- **Joint Solution Briefs**: Technical integration documentation
- **Demo Environment**: Integrated solution demonstrations
- **Certification Program**: Partner technical certification
- **Marketplace Presence**: Partner marketplace listings and promotion
# Performance Metrics and KPIs 

## Lead Generation Metrics

- **Marketing Qualified Leads (MQLs)**: 2,400 annually (200/month)
- **Sales Qualified Leads (SQLs)**: 1,200 annually (50\% MQL conversion)
- **Opportunity Creation**: 420 annually (35\% SQL conversion)
- **Closed Won**: 147 annually (35\% opportunity conversion)


## Lead Quality Metrics

- **Lead Score Threshold**: Minimum 75 points for MQL designation
- **SQL Acceptance Rate**: 85\% of MQLs accepted by sales
- **Opportunity Conversion Rate**: 35\% from SQL to opportunity
- **Average Deal Size**: \$125K (target), currently \$115K


## Campaign Performance Metrics

- **Cost Per Lead (CPL)**: $\$ 125$ target across all channels
- **Cost Per MQL**: $\$ 250$ target for marketing qualified leads
- **Cost Per SQL**: $\$ 500$ target for sales qualified leads
- **Customer Acquisition Cost (CAC)**: \$15K target (15\% reduction vs 2024)


## Brand Awareness Metrics

- **Aided Brand Recognition**: 40\% in target markets (quarterly survey)
- **Unaided Brand Recognition**: 15\% in target markets
- **Share of Voice**: $25 \%$ in industry conversations and content
- **Net Promoter Score**: 65+ from existing customers


## Digital Marketing Metrics

- **Website Traffic**: 150K unique monthly visitors ( $25 \%$ increase)
- **Organic Search Rankings**: Top 3 for 25 high-value keywords
- **Social Media Engagement**: $5.2 \%$ average engagement rate across platforms
- **Email Performance**: $28 \%$ open rate, $4.2 \%$ click rate


## Budget Allocation and Resource Planning

2025 Marketing Budget: \$3,000,000

## Channel Investment Breakdown:

- **Digital Advertising**: \$840,000 (28\%)
- **Trade Shows \& Events**: \$600,000 (20\%)
- **Content \& SEO**: \$450,000 (15\%)
- **Account-Based Marketing**: \$450,000 (15\%)
- **Channel Partnerships**: \$360,000 (12\%)
- **Email \& Marketing Automation**: \$120,000 (4\%)
- **Social Media**: \$180,000 (6\%)

Team Structure and Headcount:

- **Marketing Director**: 1 FTE
- **Digital Marketing Manager**: 2 FTEs
- **Content Marketing Manager**: 1.5 FTEs
- **Events \& Field Marketing**: 2 FTEs
- **Marketing Operations**: 1 FTE
- **Graphic Designer**: 1 FTE
- **Marketing Coordinator**: 1 FTE

Technology Stack and Tools

- **Marketing Automation**: HubSpot (primary), Marketo (enterprise accounts)
- **CRM Integration**: Salesforce with bi-directional sync
- **Analytics Platform**: Google Analytics 4, Adobe Analytics
- **Social Media Management**: Hootsuite, LinkedIn Campaign Manager
- **Content Management**: WordPress, Contentful for enterprise sites
- **Email Platform**: HubSpot, Mailchimp for segments
- **Event Management**: Eventbrite, Cvent for large events
- **ABM Platform**: Demandbase for account-based campaigns


# Campaign Calendar 2025 

Q1 2025 (January - March)
Theme: ""New Year, New Possibilities""

## Major Campaigns:

- **January**: Year in Review Report + Predictions for 2025
- **February**: Valentine's campaign - ""Fall in Love with Automation""
- **March**: International Women's Day - Female leaders in tech spotlight


## Events:

- RSA Conference (February) - Security and compliance focus
- Regional user group meetings (monthly)
- Product roadmap webinar series (monthly)

Q2 2025 (April - June)
Theme: ""Growth and Scale""

## Major Campaigns:

- **April**: Tax Season - ""Automate Your Compliance"" campaign
- **May**: Mother's Day - Work-life balance and efficiency focus
- **June**: Mid-year planning - ""Setting Up for Success"" campaign


# Events: 

- HIMSS Conference (May) - Healthcare technology focus
- Customer Advisory Board meeting (June)
- Summer webinar series launch

Q3 2025 (July - September)
Theme: ""Summer of Innovation""

## Major Campaigns:

- **July**: Summer reading list - Technical content focus
- **August**: Back-to-school - Learning and development theme
- **September**: Harvest season - ""Reap What You Automate"" campaign


## Events:

- User conference (August) - Major annual event
- TechCrunch Disrupt (September)
- Industry roundtable series

Q4 2025 (October - December)
Theme: ""Preparing for the Future""

## Major Campaigns:

- **October**: Halloween - ""Don't Let Manual Processes Scare You""
- **November**: Thanksgiving - Customer appreciation campaign
- **December**: Year-end planning - ""2026 Readiness"" campaign


## Events:

- Money20/20 (October) - Financial services focus
- Holiday customer appreciation events (December)
- Year-end planning webinars


## Risk Management and Contingency Planning

## Market Risk Factors

5. **Economic Downturn**: Reduced marketing budgets across target industries
6. **Competitive Pressure**: New entrants or aggressive competitor pricing
7. Technology Changes: Platform algorithm changes affecting organic reach
8. Regulatory Changes: Data privacy regulations affecting digital marketing
Mitigation Strategies

- **Budget Flexibility**: 15\% contingency budget for market opportunities
- **Channel Diversification**: Multi-channel approach to reduce platform dependency
- **Performance Monitoring**: Monthly performance reviews and pivot capability
- **Competitive Intelligence**: Quarterly competitive analysis and response planning


# Success Metrics and Review Process 

- **Monthly Reviews**: Campaign performance against KPIs
- **Quarterly Business Reviews**: Strategic alignment and budget allocation
- **Annual Planning**: Strategic review and next year planning
- **Continuous Optimization**: A/B testing and performance improvement

Document Owner: VP of Marketing
Review Schedule: Quarterly strategy reviews, monthly tactical reviews
Last Updated: January 2025
Next Review: April 2025
Distribution: Marketing team, Sales leadership, Executive team
Classification: Internal Use Only
Version Control: Marketing shared drive and CRM system"
data/unstructured/marketing/Campaign_Performance_Report.pdf,https://raw.githubusercontent.com/evolvconsulting/snowflake-ai-demo/refs/heads/main/data/unstructured/marketing/Campaign_Performance_Report.pdf,"{
  ""CONTENT_TYPE"": ""application/pdf"",
  ""ETAG"": ""db03aee8294f5110235cf23e05dc2f75"",
  ""LAST_MODIFIED"": ""Fri, 21 Nov 2025 04:26:39 GMT"",
  ""RELATIVE_PATH"": ""data/unstructured/marketing/Campaign_Performance_Report.pdf"",
  ""SIZE"": 45727,
  ""STAGE"": ""@EVOLV_E2E_SNOWFLAKE_AI_HOL.EDW.INTERNAL_DATA_STAGE""
}","# Campaign Performance Report 

## Q4 2024 Campaign Performance Report

Executive Summary
Q4 2024 marketing campaigns delivered exceptional results with $35 \%$ increase in lead generation and $15 \%$ improvement in conversion rates compared to Q3.

## Digital Marketing Performance

Search Engine Marketing

- **Google Ads Spend**: \$75,000
- **Clicks**: 15,400
- **Conversions**: 892
- **Cost per Conversion**: \$84
- **ROI**: 385\%

Social Media Marketing

- **LinkedIn Campaign Spend**: \$25,000
- **Impressions**: 2.3M
- **Engagement Rate**: 5.8\%
- **Lead Generation**: 345 MQLs
- **Cost per Lead**: \$72

Content Marketing

- **Blog Posts Published**: 24
- **Organic Traffic Growth**: 42\%
- **Content Downloads**: 2,890
- **Lead Attribution**: 567 MQLs
- **Cost per Lead**: \$45


## Event Marketing Results

TechCrunch Disrupt 2024

- **Investment**: \$75,000
- **Booth Visitors**: 1,200
- **Qualified Leads**: 150
- **Pipeline Generated**: \$2.1M
- **Cost per Lead**: \$500
RSA Conference 2024

- **Investment**: \$85,000
- **Booth Visitors**: 980
- **Qualified Leads**: 125
- **Pipeline Generated**: \$1.8M
- **Cost per Lead**: \$680"
data/unstructured/marketing/Marketing_Strategy_2025.pdf,https://raw.githubusercontent.com/evolvconsulting/snowflake-ai-demo/refs/heads/main/data/unstructured/marketing/Marketing_Strategy_2025.pdf,"{
  ""CONTENT_TYPE"": ""application/pdf"",
  ""ETAG"": ""e4f115b496bd1acccc3d68e756057da2"",
  ""LAST_MODIFIED"": ""Fri, 21 Nov 2025 04:26:39 GMT"",
  ""RELATIVE_PATH"": ""data/unstructured/marketing/Marketing_Strategy_2025.pdf"",
  ""SIZE"": 292423,
  ""STAGE"": ""@EVOLV_E2E_SNOWFLAKE_AI_HOL.EDW.INTERNAL_DATA_STAGE""
}","# 2025 Marketing Strategy 

Lead Generation \& Brand Building
Marketing Department
# Q4 2024 Campaign Performance 

- Strong Campaign Results
- Digital Marketing ROI: 4.2x
- Social Media Engagement: +35\%
- Content Marketing Leads: 1,200 MQLs
- Event Marketing: 15 trade shows, 800 leads
# Top Performing Campaigns 

- Best Campaign Results
- TechCrunch Disrupt: 150 leads, \$2.1M pipeline
- Digital Transformation Webinar: 400 attendees
- LinkedIn Thought Leadership: 25K impressions
- Healthcare Industry Report: 1,800 downloads
# Budget Performance vs. Target 

- Efficient Budget Utilization
- Total Spend: \$285K (5\% under budget)
- Cost per Lead: $\$ 89$ (vs. $\$ 125$ target)
- Customer Acquisition Cost: \$12K (vs. \$15K target)
- Marketing ROI: 325\% (vs. 250\% target)
![img-0.jpeg](img-0.jpeg)

# **Summary**

- Reviewed Q4 2024 campaign results
- Achieved strong digital marketing ROI
- Exceeded lead generation and engagement goals
- Maintained efficient budget utilization"
data/unstructured/sales/Customer_Success_Stories.pdf,https://raw.githubusercontent.com/evolvconsulting/snowflake-ai-demo/refs/heads/main/data/unstructured/sales/Customer_Success_Stories.pdf,"{
  ""CONTENT_TYPE"": ""application/pdf"",
  ""ETAG"": ""0727259b4ee660d2b122b3dbb04d8cb4"",
  ""LAST_MODIFIED"": ""Fri, 21 Nov 2025 04:26:39 GMT"",
  ""RELATIVE_PATH"": ""data/unstructured/sales/Customer_Success_Stories.pdf"",
  ""SIZE"": 43230,
  ""STAGE"": ""@EVOLV_E2E_SNOWFLAKE_AI_HOL.EDW.INTERNAL_DATA_STAGE""
}","# Customer Success Stories 

## Customer Success Stories 2024

## Enterprise Technology Customers

## FastGrow Technologies

- **Industry**: Series C Technology Startup
- **Challenge**: Scaling operations without proportional overhead increase
- **Solution**: Enterprise Platform with automation features
- **Results**: $40 \%$ reduction in manual processes, $\$ 2.3 \mathrm{M}$ cost savings
- **Sales Rep**: Grant Frey
- **Contract Value**: \$450,000 over 3 years


## TechInnovate Corp

- **Industry**: Software Development
- **Challenge**: Legacy system modernization
- **Solution**: Professional Edition with migration services
- **Results**: $60 \%$ faster deployment cycles, $25 \%$ cost reduction
- **Sales Rep**: Elizabeth George
- **Contract Value**: \$295,000 annually


## Financial Services Customers

## Regional Bank Corporation

- **Industry**: Community Banking
- **Challenge**: Regulatory compliance automation
- **Solution**: Compliance module with reporting features
- **Results**: $100 \%$ compliance achievement, $60 \%$ time savings
- **Sales Rep**: James Barrett
- **Contract Value**: \$380,000 over 2 years


## Investment Partners LLC

- **Industry**: Wealth Management
- **Challenge**: Client reporting automation
- **Solution**: Professional Edition with custom reports
- **Results**: $50 \%$ reduction in reporting time, improved accuracy
- **Sales Rep**: Michelle Beard
- **Contract Value**: \$180,000 annually"
data/unstructured/sales/Sales_Performance_Q4_2024.pdf,https://raw.githubusercontent.com/evolvconsulting/snowflake-ai-demo/refs/heads/main/data/unstructured/sales/Sales_Performance_Q4_2024.pdf,"{
  ""CONTENT_TYPE"": ""application/pdf"",
  ""ETAG"": ""c969e9bc72fff98e738f26436e8b7bca"",
  ""LAST_MODIFIED"": ""Fri, 21 Nov 2025 04:26:39 GMT"",
  ""RELATIVE_PATH"": ""data/unstructured/sales/Sales_Performance_Q4_2024.pdf"",
  ""SIZE"": 36974,
  ""STAGE"": ""@EVOLV_E2E_SNOWFLAKE_AI_HOL.EDW.INTERNAL_DATA_STAGE""
}","# Sales Performance Review 

Q4 2024 Results \& 2025 Strategy<br>Sales Team Meeting
# Q4 Performance Highlights 

- Outstanding Quarter Results
- 115\% of quota achievement
- \$7.2M in closed revenue
- 58 new customers acquired
- Average deal size: \$124K
# Top Performing Sales Reps 

- Q4 2024 Sales Leaders
-     - Grant Frey: \$1.2M (8 deals)
- Elizabeth George: \$1.1M (9 deals)
- James Barrett: \$987K (7 deals)
- Michelle Beard: \$876K (6 deals)
# Major Customer Wins 

- Enterprise Customers Acquired
- FastGrow Technologies: \$450K (3-year deal)
- Regional Bank Corp: \$380K (compliance focus)
- HealthCare Partners: \$295K (HIPAA solution)
- Manufacturing Plus: \$234K (automation)"
data/unstructured/sales/Sales_Playbook_2025.pdf,https://raw.githubusercontent.com/evolvconsulting/snowflake-ai-demo/refs/heads/main/data/unstructured/sales/Sales_Playbook_2025.pdf,"{
  ""CONTENT_TYPE"": ""application/pdf"",
  ""ETAG"": ""d116a011222dc7988570d36e7eb713c2"",
  ""LAST_MODIFIED"": ""Fri, 21 Nov 2025 04:26:39 GMT"",
  ""RELATIVE_PATH"": ""data/unstructured/sales/Sales_Playbook_2025.pdf"",
  ""SIZE"": 204275,
  ""STAGE"": ""@EVOLV_E2E_SNOWFLAKE_AI_HOL.EDW.INTERNAL_DATA_STAGE""
}","# Sales Playbook 2025 

## Sales Playbook 2025

Version: 4.1
Last Updated: January 2025
Owner: Sales Operations Team

## Introduction

Welcome to the 2025 Sales Playbook. This comprehensive guide provides our sales team with proven strategies, processes, and tools to achieve revenue goals and deliver exceptional customer experiences.

## Our Sales Philosophy

## Core Values

- **Customer First**: Every decision prioritizes customer success
- **Consultative Selling**: We solve problems, not just sell products
- **Integrity**: Transparent and honest in all interactions
- **Continuous Learning**: Always improving our skills and knowledge
- **Team Success**: Individual success contributes to team success


## Sales Methodology

We follow the MEDDIC qualification framework:

- ${ }^{* *} \mathrm{M}^{* *}$ etrics: Quantified value and impact
- ${ }^{* *} \mathrm{E}^{* *}$ conomic Buyer: Decision maker identification
- ${ }^{* *} \mathrm{D}^{* *}$ ecision Criteria: How decisions are made
- ${ }^{* *} \mathrm{D}^{* *}$ ecision Process: Timeline and steps
- ${ }^{* *} \mathrm{I}^{* *}$ dentify Pain: Problems we solve
- ${ }^{* *} \mathrm{C}^{* *}$ hampion: Internal advocate


## Target Markets and Customer Segments

## Primary Markets

1. **Enterprise (1000+ employees)***

- Technology companies
- Financial services
- Healthcare organizations
- Manufacturing companies
2. **Mid-Market (250-999 employees)**
- Growing technology firms
- Professional services
- Regional healthcare systems
- Mid-size manufacturers


# 3. SMB (50-249 employees) 

- Technology startups (Series B+)
- Specialized consulting firms
- Boutique financial services
- Emerging healthcare practices


## Vertical-Specific Strategies

## Technology Sector

- **Key Pain Points**: Scalability, security, integration challenges
- **Value Propositions**: Faster time-to-market, reduced technical debt
- **Decision Makers**: CTO, VP Engineering, Head of DevOps
- **Sales Cycle**: 3-6 months
- **Average Deal Size**: \$125,000


## Financial Services

- **Key Pain Points**: Regulatory compliance, data security, legacy systems
- **Value Propositions**: Compliance automation, risk reduction, modernization
- **Decision Makers**: CIO, Chief Risk Officer, Head of Compliance
- **Sales Cycle**: 6-12 months
- **Average Deal Size**: \$275,000


## Healthcare

- **Key Pain Points**: Patient data security, interoperability, cost management
- **Value Propositions**: HIPAA compliance, workflow efficiency, cost reduction
- **Decision Makers**: CIO, CMO, CFO
- **Sales Cycle**: 6-18 months
- **Average Deal Size**: \$185,000


## Product Portfolio and Positioning

## Core Products

## Enterprise Platform Suite

- **Target Audience**: Large enterprises
- **Price Range**: \$50K - \$500K annually
- **Key Features**: Advanced analytics, enterprise security, 24/7 support
- **Competitive Advantages**: Scalability, integration capabilities, proven ROI


# Professional Edition 

- **Target Audience**: Mid-market companies
- **Price Range**: \$15K - \$75K annually
- **Key Features**: Core functionality, standard security, business hours support
- **Competitive Advantages**: Ease of implementation, cost-effectiveness


## Starter Package

- **Target Audience**: Small businesses and startups
- **Price Range**: \$5K - \$25K annually
- **Key Features**: Essential features, basic security, email support
- **Competitive Advantages**: Quick deployment, affordable pricing


## Service Offerings

## Implementation Services

- **Project Management**: Dedicated project managers
- **Data Migration**: Secure, efficient data transfer
- **Training**: Comprehensive user and admin training
- **Go-Live Support**: 30-day post-implementation support


## Ongoing Support

- **Technical Support**: 24/7 for Enterprise, business hours for others
- **Account Management**: Dedicated customer success managers
- **Training Programs**: Ongoing education and certification
- **Advisory Services**: Strategic consulting and best practices


## Sales Process and Methodology

Stage 1: Prospecting and Lead Generation
Objective: Identify and qualify potential customers

## Lead Sources

- **Inbound Marketing**: $40 \%$ of leads
- **Outbound Prospecting**: $30 \%$ of leads
- **Partner Referrals**: $20 \%$ of leads
- **Customer Referrals**: $10 \%$ of leads


## Qualification Criteria (BANT)

- **Budget**: Confirmed budget authority (\$15K+ annual)
- **Authority**: Access to decision makers
- **Need**: Clear business problem we can solve
- **Timeline**: Decision timeline within 12 months

Stage 2: Discovery and Needs Assessment
Objective: Understand customer challenges and requirements
Discovery Questions Framework
3. **Current State**: ""Tell me about your current process for...""
4. **Pain Points**: ""What challenges are you facing with...""
3. Impact: ""What's the cost of not solving this problem?""
4. Success Criteria: ""What would success look like to you?""
5. Decision Process: ""Who else is involved in this decision?""

Key Information to Gather

- Current technology stack and vendors
- Budget and procurement process
- Timeline and project urgency
- Technical requirements and constraints
- Compliance and security requirements

Stage 3: Solution Design and Proposal
Objective: Present tailored solution that addresses specific needs
Proposal Components
5. **Executive Summary**: High-level overview and value proposition
6. **Current State Analysis**: Understanding of their challenges
3. Proposed Solution: Detailed product and service recommendations
4. Implementation Plan: Timeline, resources, and milestones
5. Investment and ROI: Pricing and value justification
6. Next Steps: Clear path forward

ROI Calculation Framework

- **Cost Savings**: Quantify efficiency gains and cost reductions
- **Revenue Impact**: Measure increased sales or market opportunities
- **Risk Mitigation**: Value of avoided compliance or security issues
- **Productivity Gains**: Time savings and process improvements

Stage 4: Negotiation and Closing
Objective: Finalize terms and secure commitment
# Common Objections and Responses 

7. **Price**: Focus on ROI and total cost of ownership
8. **Competition**: Highlight unique differentiators and value
9. Timing: Create urgency with limited-time incentives
10. Internal Buy-in: Provide additional stakeholder materials

## Closing Techniques

- **Assumptive Close**: ""When would you like to start implementation?""
- **Alternative Close**: ""Would you prefer monthly or annual billing?""
- **Summary Close**: Recap benefits and ask for commitment
- **Urgency Close**: ""This pricing is available through month-end""


## Stage 5: Post-Sale Transition

Objective: Ensure smooth handoff to implementation team

## Handoff Checklist

- Customer success manager introduction
- Implementation team assignment
- Project kickoff meeting scheduled
- Account plan updated with post-sale activities
- Customer reference opportunity identified


## Competitive Intelligence

## Primary Competitors

## Competitor A: MarketLeader Inc.

- **Strengths**: Brand recognition, large partner network
- **Weaknesses**: Legacy technology, poor support reputation
- **Our Advantages**: Modern architecture, superior support
- **Competitive Response**: Emphasize technology modernization benefits


## Competitor B: InnovativeTech Solutions

- **Strengths**: Innovative features, strong in financial services
- **Weaknesses**: Limited scalability, high implementation costs
- **Our Advantages**: Better scalability, faster implementation
- **Competitive Response**: Focus on total cost of ownership


## Competitor C: StartupChallenger

- **Strengths**: Lower pricing, modern UI
- **Weaknesses**: Limited enterprise features, small support team
- **Our Advantages**: Enterprise capabilities, established support
- **Competitive Response**: Highlight enterprise requirements and support needs
# Competitive Positioning 

Against Legacy Solutions

- **Message**: ""Modernize your technology stack for the digital age""
- **Focus Areas**: User experience, integration capabilities, total cost of ownership
- **Evidence**: Customer case studies showing migration success

Against Low-Cost Alternatives

- **Message**: ""Enterprise-grade capabilities at mid-market prices""
- **Focus Areas**: Reliability, scalability, compliance features
- **Evidence**: Uptime statistics, security certifications, compliance reports


## Customer Success Stories and Case Studies

Technology Company Case Study
Company: FastGrow Technologies (Series C startup, 300 employees)
Challenge: Scaling operations without increasing operational overhead
Solution: Enterprise Platform with automation features

## Results:

- $40 \%$ reduction in manual processes
- $25 \%$ faster time-to-market for new features
- $\$ 2.3 \mathrm{M}$ in cost savings over 2 years
- Quote: ""The platform enabled us to scale from 100 to 300 employees without proportionally increasing our operations team.""


## Financial Services Case Study

Company: Regional Bank (5,000 employees, $\$ 2 B$ assets)
Challenge: Meeting new regulatory requirements while reducing costs
Solution: Professional Edition with compliance module

## Results:

- $100 \%$ compliance with new regulations
- $60 \%$ reduction in compliance reporting time
- $\$ 1.8 \mathrm{M}$ annual cost savings
- Quote: ""We achieved full compliance 6 months ahead of the deadline while reducing our compliance costs.""


## Healthcare Case Study

Company: Multi-Specialty Practice Group (15 locations, 1,200 employees)
Challenge: Improving patient care coordination across locations
Solution: Healthcare-specific configuration of Enterprise Platform

# Results: 

- $30 \%$ improvement in patient satisfaction scores
- $20 \%$ reduction in administrative overhead
- $\$ 3.2 \mathrm{M}$ improvement in revenue cycle efficiency
- Quote: ""Patient care quality improved dramatically while our administrative burden decreased significantly.""


## Sales Tools and Resources

CRM and Sales Technology

- **Primary CRM**: Salesforce
- **Sales Engagement**: Outreach.io
- **Proposal Tool**: PandaDoc
- **Video Conferencing**: Zoom
- **Demo Environment**: Custom demo platform


## Sales Enablement Materials

- **Product Datasheets**: Feature comparisons and specifications
- **ROI Calculator**: Interactive tool for value quantification
- **Reference Customers**: Contact list for peer conversations
- **Security Documentation**: Compliance and security certifications
- **Competitive Battlecards**: Positioning against key competitors


## Training and Development

- **Onboarding Program**: 6-week new hire program
- **Product Training**: Monthly product update sessions
- **Sales Skills**: Quarterly skills development workshops
- **Industry Training**: Vertical-specific knowledge sessions
- **Certification Program**: Annual sales certification requirements


## Pricing and Packaging

Standard Pricing Tiers

## Starter Package

- **List Price**: \$5,000 - \$25,000 annually
- **Discount Authority**: Up to 20\% (Sales Rep), 30\% (Manager)
- **Typical Discount**: $15 \%$
- **Payment Terms**: Annual payment preferred
# Professional Edition 

- **List Price**: \$15,000 - \$75,000 annually
- **Discount Authority**: Up to 25\% (Sales Rep), 40\% (Manager)
- **Typical Discount**: 20\%
- **Payment Terms**: Annual or quarterly


## Enterprise Platform

- **List Price**: \$50,000 - \$500,000 annually
- **Discount Authority**: Up to 30\% (Manager), 45\% (Director)
- **Typical Discount**: 25\%
- **Payment Terms**: Flexible payment options


## Pricing Strategy Guidelines

9. **Value-Based Pricing**: Tie pricing to customer ROI
10. **Competitive Positioning**: Price within $10 \%$ of market leaders
11. Deal Size Optimization: Target larger deals for better margins
12. Multi-Year Agreements: Offer additional discounts for longer terms

## Performance Metrics and KPIs

Individual Rep Metrics

- **Revenue Target**: \$1.2M annually (Enterprise), \$800K (Mid-Market)
- **Activity Metrics**: 40 calls/week, 15 demos/month, 5 proposals/month
- **Pipeline Metrics**: 3x pipeline coverage, 90-day pipeline velocity
- **Conversion Rates**: 20\% lead-to-opportunity, 25\% opportunity-to-close


## Team Performance Indicators

- **Quota Attainment**: 85\% of reps achieve 90\%+ of quota
- **Average Deal Size**: \$125K (target), \$115K (current)
- **Sales Cycle Length**: 120 days (target), 135 days (current)
- **Customer Acquisition Cost**: \$15K per new customer


## Leading Indicators

- **Pipeline Generation**: \$3M new pipeline monthly
- **Demo-to-Proposal Rate**: 60\%
- **Proposal Win Rate**: 35\%
- **Referral Rate**: $25 \%$ of new opportunities from referrals


## Territory and Account Management

## Territory Assignment

- **Geographic**: Primary assignment by region
- **Vertical**: Secondary specialization by industry
- **Account Size**: Segmentation by company size and potential


# Account Planning Process 

11. **Account Research**: Company background, stakeholders, challenges
12. **Opportunity Identification**: Potential use cases and expansion areas
13. Relationship Mapping: Key contacts and influence networks
14. Strategy Development: Approach and engagement plan
15. Execution and Review: Implementation and quarterly reviews

## Objection Handling Guide

## Common Objections and Responses

""Your solution is too expensive""
Response: ""I understand budget is important. Let's look at the ROI analysis. When you factor in the cost savings and productivity gains, the solution typically pays for itself within $8-12$ months. Can we review the value calculation together?""
""We're happy with our current vendor""
Response: ""That's great to hear you have a working relationship. What I often find is that as companies grow, their needs evolve. What would need to change for you to consider an alternative solution?""
""We need to think about it""
Response: ""Absolutely, this is an important decision. To help with your evaluation, what specific areas would you like me to provide additional information on? I'd be happy to schedule a follow-up call to address any concerns.""
""We don't have budget this year""
Response: ""I understand budget cycles can be challenging. Many of our customers start with a pilot program that fits within operational budgets. Would it be helpful to explore a smaller initial implementation that could demonstrate value for next year's budget cycle?""

## Success Metrics and Recognition

## Sales Recognition Programs

- **President's Club**: Top 10\% of performers (annual trip)
- **Quarterly Awards**: Best new customer, largest deal, most improved
- **Monthly Recognition**: Team meetings highlighting achievements
- **Peer Nominations**: Team member recognition program
Career Development Path
13. **Sales Development Rep**: Lead qualification and initial outreach
14. **Account Executive**: Full sales cycle management
3. Senior Account Executive: Large accounts and complex deals
4. Sales Manager: Team leadership and coaching
5. Regional Sales Director: Multi-team management

Document Maintenance: Updated quarterly by Sales Operations
Feedback: Submit suggestions to sales-ops@company.com
Questions: Contact your sales manager or sales operations team
Access Level: Sales Team Only
Distribution: All sales organization members
Version Control: Maintained in sales portal"
